fecha,local,visitante,gl,gv,b365c_1,b365c_x,b365c_2,avgc_1,avgc_x,avgc_2,b365c_over25,b365c_under25
2026-01-22,Aldosivi,Defensa y Justicia,0,0,,,,2.63,2.73,3.05,,
2026-01-22,Banfield,Huracan,1,1,,,,2.43,2.71,3.42,,
2026-01-22,Union de Santa Fe,Platense,0,0,,,,1.97,2.81,4.75,,
2026-01-23,Independiente,Estudiantes L.P.,1,1,,,,2.44,2.75,3.3,,
2026-01-23,Instituto,Velez Sarsfield,0,1,,,,2.72,2.73,2.91,,
2026-01-23,San Lorenzo,Lanus,2,3,,,,2.71,2.59,3.11,,
2026-01-23,Central Cordoba,Gimnasia Mendoza,0,1,,,,2.34,2.78,3.44,,
2026-01-24,Barracas Central,River Plate,0,1,,,,5.08,3.27,1.75,,
2026-01-24,Gimnasia L.P.,Racing Club,2,1,,,,3.62,3.02,2.14,,
2026-01-24,Ind. Rivadavia,Atl. Tucuman,2,1,,,,1.74,3.25,5.16,,
2026-01-24,Talleres Cordoba,Newells Old Boys,2,1,,,,1.82,3.17,4.78,,
2026-01-25,Boca Juniors,Dep. Riestra,1,0,,,,1.6,3.35,6.65,,
2026-01-25,Rosario Central,Belgrano,1,2,,,,1.89,3.1,4.54,,
2026-01-26,Tigre,Estudiantes Rio Cuarto,2,0,,,,1.94,2.95,4.58,,
2026-01-26,Platense,Instituto,2,1,,,,2.43,2.61,3.57,,
2026-01-26,Argentinos Jrs,Sarmiento Junin,1,0,,,,1.38,4.1,9.31,,
2026-01-27,Velez Sarsfield,Talleres Cordoba,2,1,,,,2.26,2.77,3.69,,
2026-01-27,Gimnasia Mendoza,San Lorenzo,0,1,,,,3.63,2.67,2.35,,
2026-01-27,Huracan,Ind. Rivadavia,1,2,,,,2.06,2.76,4.4,,
2026-01-28,River Plate,Gimnasia L.P.,2,0,,,,1.53,3.7,6.54,,
2026-01-28,Racing Club,Rosario Central,1,2,,,,2.12,3.02,3.71,,
2026-01-28,Newells Old Boys,Independiente,1,1,,,,3.45,2.81,2.33,,
2026-01-28,Atl. Tucuman,Central Cordoba,0,0,,,,2.1,3.07,3.67,,
2026-01-28,Aldosivi,Barracas Central,0,0,,,,2.18,2.69,4.1,,
2026-01-29,Dep. Riestra,Defensa y Justicia,0,1,,,,2.1,2.82,4.11,,
2026-01-29,Estudiantes L.P.,Boca Juniors,2,1,,,,2.96,2.71,2.73,,
2026-01-29,Belgrano,Tigre,1,1,,,,1.93,2.96,4.61,,
2026-01-29,Lanus,Union de Santa Fe,2,1,,,,2.05,2.88,4.17,,
2026-01-30,Sarmiento Junin,Banfield,1,0,,,,3.46,2.78,2.35,,
2026-01-30,Estudiantes Rio Cuarto,Argentinos Jrs,0,0,,,,5.5,3.12,1.74,,
2026-01-31,San Lorenzo,Central Cordoba,1,0,,,,1.78,3.01,5.7,,
2026-01-31,Independiente,Velez Sarsfield,1,1,,,,2.13,2.95,3.79,,
2026-02-01,Atl. Tucuman,Huracan,1,1,,,,2.59,2.76,3.09,,
2026-02-01,Boca Juniors,Newells Old Boys,2,0,,,,1.45,3.9,8.23,,
2026-02-01,Talleres Cordoba,Platense,1,2,,,,1.94,2.93,4.72,,
2026-02-01,Barracas Central,Dep. Riestra,1,1,,,,3.0,2.55,2.87,,
2026-02-02,Rosario Central,River Plate,0,0,,,,2.69,2.9,2.82,,
2026-02-02,Gimnasia L.P.,Aldosivi,3,1,,,,2.03,2.85,4.36,,
2026-02-02,Defensa y Justicia,Estudiantes L.P.,0,0,,,,3.38,2.85,2.35,,
2026-02-02,Tigre,Racing Club,3,1,,,,3.68,2.86,2.22,,
2026-02-03,Argentinos Jrs,Belgrano,0,0,,,,1.66,3.4,5.73,,
2026-02-03,Union de Santa Fe,Gimnasia Mendoza,4,0,,,,1.74,3.22,5.37,,
2026-02-03,Banfield,Estudiantes Rio Cuarto,2,1,,,,1.88,2.99,4.73,,
2026-02-04,Instituto,Lanus,2,2,,,,2.84,2.84,2.69,,
2026-02-04,Ind. Rivadavia,Sarmiento Junin,2,1,,,,1.74,3.22,5.36,,
2026-02-07,River Plate,Tigre,1,4,,,,1.6,3.54,6.08,,
2026-02-07,Racing Club,Argentinos Jrs,2,1,,,,2.76,2.89,2.73,,
2026-02-07,Aldosivi,Rosario Central,1,1,,,,4.27,2.9,2.02,,
2026-02-07,Central Cordoba,Union de Santa Fe,1,0,,,,3.44,2.79,2.34,,
2026-02-08,Sarmiento Junin,Atl. Tucuman,2,1,,,,2.71,2.82,2.85,,
2026-02-08,Platense,Independiente,0,1,,,,2.76,2.71,2.93,,
2026-02-08,Newells Old Boys,Defensa y Justicia,2,3,,,,2.16,2.89,3.76,,
2026-02-08,Belgrano,Banfield,1,0,,,,1.81,3.26,4.69,,
2026-02-08,Huracan,San Lorenzo,1,0,,,,2.49,2.58,3.5,,
2026-02-09,Estudiantes L.P.,Dep. Riestra,1,0,,,,1.88,2.88,5.11,,
2026-02-09,Barracas Central,Gimnasia L.P.,2,0,,,,2.72,2.8,2.85,,
2026-02-09,Velez Sarsfield,Boca Juniors,2,1,,,,3.21,2.77,2.49,,
2026-02-09,Gimnasia Mendoza,Instituto,1,0,,,,3.07,2.74,2.59,,
2026-02-09,Lanus,Talleres Cordoba,1,1,,,,1.99,3.01,4.17,,
2026-02-10,Estudiantes Rio Cuarto,Ind. Rivadavia,0,1,,,,3.73,2.76,2.24,,
2026-02-12,Tigre,Aldosivi,1,0,,,,1.72,3.13,5.79,,
2026-02-13,Independiente,Lanus,2,0,,,,2.08,2.9,3.98,,
2026-02-13,Argentinos Jrs,River Plate,1,0,,,,2.24,2.94,3.45,,
2026-02-14,Talleres Cordoba,Gimnasia Mendoza,2,1,,,,1.71,3.23,5.79,,
2026-02-14,Huracan,Sarmiento Junin,1,0,,,,1.77,3.08,5.41,,
2026-02-14,Banfield,Racing Club,0,2,,,,4.2,3.2,1.9,,
2026-02-14,Union de Santa Fe,San Lorenzo,0,0,,,,2.14,2.64,4.41,,
2026-02-14,Defensa y Justicia,Velez Sarsfield,1,1,,,,3.47,2.86,2.29,,
2026-02-15,Atl. Tucuman,Estudiantes Rio Cuarto,4,0,,,,1.87,3.13,4.59,,
2026-02-15,Ind. Rivadavia,Belgrano,0,1,,,,2.33,2.83,3.41,,
2026-02-15,Gimnasia L.P.,Estudiantes L.P.,0,0,,,,3.1,2.75,2.58,,
2026-02-15,Boca Juniors,Platense,0,0,,,,1.61,3.36,6.38,,
2026-02-16,Instituto,Central Cordoba,2,0,,,,1.87,3.06,4.69,,
2026-02-16,Dep. Riestra,Newells Old Boys,1,1,,,,2.28,2.69,3.75,,
2026-02-16,Rosario Central,Barracas Central,2,0,,,,1.53,3.52,7.32,,
2026-02-20,Instituto,Atl. Tucuman,2,1,,,,1.98,3.11,4.02,,
2026-02-20,Defensa y Justicia,Belgrano,1,1,,,,2.99,2.86,2.56,,
2026-02-20,Estudiantes L.P.,Sarmiento Junin,1,0,,,,1.59,3.29,6.96,,
2026-02-20,Boca Juniors,Racing Club,0,0,,,,2.23,2.92,3.51,,
2026-02-21,Ind. Rivadavia,Independiente,3,2,,,,2.58,2.8,3.03,,
2026-02-21,Platense,Barracas Central,1,0,,,,1.84,2.97,5.1,,
2026-02-21,Banfield,Newells Old Boys,3,0,,,,2.33,2.88,3.34,,
2026-02-21,Dep. Riestra,Huracan,0,0,,,,2.71,2.51,3.22,,
2026-02-21,Rosario Central,Talleres Cordoba,0,1,,,,1.82,3.2,4.72,,
2026-02-21,Gimnasia Mendoza,Gimnasia L.P.,0,1,,,,2.59,2.8,3.0,,
2026-02-22,Velez Sarsfield,River Plate,1,0,,,,2.83,2.89,2.65,,
2026-02-22,San Lorenzo,Estudiantes Rio Cuarto,2,0,,,,1.62,3.25,6.75,,
2026-02-22,Central Cordoba,Tigre,0,0,,,,3.38,2.69,2.45,,
2026-02-23,Union de Santa Fe,Aldosivi,1,0,,,,1.57,3.56,6.39,,
2026-02-24,Central Cordoba,Talleres Cordoba,2,0,,,,3.53,2.73,2.32,,
2026-02-24,Platense,Defensa y Justicia,0,0,,,,2.02,2.86,4.28,,
2026-02-24,San Lorenzo,Instituto,1,1,,,,2.47,2.72,3.28,,
2026-02-25,Belgrano,Atl. Tucuman,3,1,,,,1.74,3.33,4.93,,
2026-02-25,Gimnasia Mendoza,Independiente,1,1,,,,3.74,2.81,2.2,,
2026-02-25,Barracas Central,Tigre,2,1,,,,3.16,2.71,2.55,,
2026-02-25,Gimnasia L.P.,Rosario Central,1,2,,,,3.3,2.67,2.49,,
2026-02-25,Newells Old Boys,Estudiantes L.P.,0,2,,,,3.6,2.77,2.27,,
2026-02-25,Velez Sarsfield,Dep. Riestra,0,0,,,,1.92,2.8,5.06,,
2026-02-26,River Plate,Banfield,3,1,,,,1.6,3.6,5.79,,
2026-02-26,Sarmiento Junin,Union de Santa Fe,1,3,,,,3.31,2.81,2.36,,
2026-02-26,Estudiantes Rio Cuarto,Huracan,2,0,,,,3.94,2.61,2.28,,
2026-02-26,Racing Club,Ind. Rivadavia,1,1,,,,1.81,3.27,4.53,,
2026-02-28,Boca Juniors,Gimnasia Mendoza,1,1,,,,1.47,3.66,8.02,,
2026-02-28,Independiente,Central Cordoba,2,0,,,,1.6,3.29,6.72,,
2026-03-01,Talleres Cordoba,San Lorenzo,0,0,,,,2.13,2.75,4.07,,
2026-03-01,Instituto,Union de Santa Fe,1,2,,,,2.53,2.83,3.03,,
2026-03-01,Argentinos Jrs,Barracas Central,1,1,,,,1.37,4.09,9.5,,
2026-03-01,Newells Old Boys,Rosario Central,0,2,,,,4.7,3.18,1.82,,
2026-03-02,Dep. Riestra,Platense,0,0,,,,2.6,2.51,3.39,,
2026-03-02,Estudiantes L.P.,Velez Sarsfield,0,1,,,,2.19,2.79,3.85,,
2026-03-02,Tigre,Gimnasia L.P.,2,2,,,,1.99,2.98,4.19,,
2026-03-02,Defensa y Justicia,Lanus,1,1,,,,2.15,2.99,3.58,,
2026-03-03,Ind. Rivadavia,River Plate,1,1,,,,2.99,3.04,2.42,,
2026-03-03,Sarmiento Junin,Estudiantes Rio Cuarto,1,0,,,,1.87,3.03,4.65,,
2026-03-03,Huracan,Belgrano,3,1,,,,2.9,2.64,2.81,,
2026-03-03,Banfield,Aldosivi,2,0,,,,2.05,3.0,3.93,,
2026-03-04,Atl. Tucuman,Racing Club,0,3,,,,3.06,2.86,2.5,,
2026-03-05,Lanus,Boca Juniors,0,3,,,,2.91,2.85,2.63,,
2026-03-10,Tigre,Velez Sarsfield,1,1,,,,2.26,2.78,3.57,,
2026-03-10,Independiente,Union de Santa Fe,4,4,,,,2.01,3.17,3.79,,
2026-03-11,Newells Old Boys,Platense,1,1,,,,3.18,2.8,2.46,,
2026-03-11,Sarmiento Junin,Racing Club,0,0,,,,3.49,2.98,2.19,,
2026-03-11,Argentinos Jrs,Rosario Central,0,0,,,,1.98,2.96,4.24,,
2026-03-11,Banfield,Gimnasia L.P.,1,2,,,,2.26,2.96,3.36,,
2026-03-11,Boca Juniors,San Lorenzo,1,1,,,,1.71,3.16,5.78,,
2026-03-12,Atl. Tucuman,Aldosivi,1,1,,,,2.07,2.98,3.89,,
2026-03-12,Defensa y Justicia,Central Cordoba,1,1,,,,1.89,3.1,4.4,,
2026-03-12,Dep. Riestra,Gimnasia Mendoza,0,0,,,,2.04,2.67,4.68,,
2026-03-12,Estudiantes Rio Cuarto,Belgrano,0,1,,,,3.31,2.77,2.41,,
2026-03-12,Talleres Cordoba,Instituto,2,0,,,,2.19,2.85,3.69,,
2026-03-12,Ind. Rivadavia,Barracas Central,1,2,,,,1.45,3.88,7.78,,
2026-03-13,Huracan,River Plate,1,2,,,,3.22,2.8,2.39,,
2026-03-14,Platense,Velez Sarsfield,0,2,,,,2.81,2.7,2.81,,
2026-03-15,River Plate,Sarmiento Junin,2,0,,,,1.44,3.82,8.14,,
2026-03-15,Rosario Central,Banfield,2,1,,,,1.59,3.55,5.94,,
2026-03-15,Belgrano,Talleres Cordoba,0,0,,,,2.34,2.8,3.38,,
2026-03-15,Gimnasia L.P.,Ind. Rivadavia,2,3,,,,2.83,2.98,2.54,,
2026-03-16,Tigre,Argentinos Jrs,1,1,,,,2.75,2.7,2.9,,
2026-03-16,Barracas Central,Atl. Tucuman,2,1,,,,2.77,2.83,2.74,,
2026-03-16,Aldosivi,Huracan,0,0,,,,3.16,2.65,2.59,,
2026-03-16,Union de Santa Fe,Boca Juniors,1,1,,,,2.84,2.68,2.81,,
2026-03-16,Racing Club,Estudiantes Rio Cuarto,2,0,,,,1.39,4.06,8.75,,
2026-03-16,San Lorenzo,Defensa y Justicia,2,5,,,,2.16,2.78,3.87,,
2026-03-17,Instituto,Independiente,2,1,,,,2.68,2.91,2.75,,
2026-03-17,Lanus,Newells Old Boys,5,0,,,,1.64,3.42,5.64,,
2026-03-18,Gimnasia Mendoza,Estudiantes L.P.,1,2,,,,3.92,2.82,2.12,,
2026-03-18,Central Cordoba,Dep. Riestra,1,0,,,,3.03,2.53,2.82,,
2026-03-21,Velez Sarsfield,Lanus,0,1,,,,2.21,2.93,3.5,,
2026-03-21,Defensa y Justicia,Union de Santa Fe,2,0,,,,2.85,2.92,2.58,,
2026-03-21,Newells Old Boys,Gimnasia Mendoza,1,0,,,,2.43,2.75,3.27,,
2026-03-21,Independiente,Talleres Cordoba,1,2,,,,1.91,3.1,4.25,,
2026-03-21,Atl. Tucuman,Gimnasia L.P.,1,0,,,,2.01,3.13,3.8,,
2026-03-21,Banfield,Tigre,1,0,,,,2.97,2.71,2.68,,
2026-03-22,Estudiantes Rio Cuarto,River Plate,0,2,,,,7.73,3.56,1.5,,
2026-03-22,Sarmiento Junin,Aldosivi,2,0,,,,2.34,2.73,3.48,,
2026-03-22,Belgrano,Racing Club,1,2,,,,2.81,2.95,2.6,,
2026-03-22,Boca Juniors,Instituto,2,0,,,,1.6,3.42,6.13,,
2026-03-23,Ind. Rivadavia,Rosario Central,2,0,,,,2.64,2.85,2.86,,
2026-03-23,Estudiantes L.P.,Central Cordoba,5,0,,,,1.48,3.6,7.71,,
2026-03-23,Argentinos Jrs,Platense,1,0,,,,1.76,3.08,5.37,,
2026-03-24,Huracan,Barracas Central,0,0,,,,1.84,2.97,5.02,,
2026-03-25,Dep. Riestra,San Lorenzo,1,1,,,,2.41,2.65,3.51,,
2026-03-27,Argentinos Jrs,Lanus,2,1,,,,2.02,2.88,4.21,,
2026-03-31,Aldosivi,Argentinos Jrs,0,2,,,,4.8,3.1,1.82,,
2026-04-02,Lanus,Platense,0,0,,,,2.11,2.87,3.86,,
2026-04-02,Barracas Central,Sarmiento Junin,1,2,,,,2.36,2.74,3.42,,
2026-04-02,Tigre,Ind. Rivadavia,0,2,,,,2.15,2.99,3.58,,
2026-04-03,Talleres Cordoba,Boca Juniors,0,1,,,,2.43,2.86,3.11,,
2026-04-03,San Lorenzo,Estudiantes L.P.,1,0,,,,3.32,2.73,2.41,,
2026-04-03,Gimnasia Mendoza,Velez Sarsfield,3,2,,,,3.91,2.87,2.1,,
2026-04-03,Union de Santa Fe,Dep. Riestra,2,0,,,,1.83,3.07,4.79,,
2026-04-04,Independiente,Racing Club,1,0,,,,2.38,2.88,3.17,,
2026-04-04,Aldosivi,Estudiantes Rio Cuarto,0,0,,,,2.19,2.72,3.92,,
2026-04-05,Gimnasia L.P.,Huracan,0,3,,,,2.79,2.73,2.82,,
2026-04-05,River Plate,Belgrano,3,0,,,,1.69,3.39,5.2,,
2026-04-05,Rosario Central,Atl. Tucuman,2,1,,,,1.67,3.39,5.32,,
2026-04-06,Argentinos Jrs,Banfield,3,2,,,,1.61,3.55,5.77,,
2026-04-06,Central Cordoba,Newells Old Boys,1,3,,,,2.34,2.82,3.35,,
2026-04-07,Instituto,Defensa y Justicia,2,0,,,,1.95,3.1,4.08,,
2026-04-11,Boca Juniors,Independiente,1,1,,,,2.35,2.85,3.28,,
2026-04-11,Belgrano,Aldosivi,1,0,,,,1.46,3.72,8.04,,
2026-04-11,Ind. Rivadavia,Argentinos Jrs,3,1,,,,2.88,2.82,2.64,,
2026-04-11,Estudiantes L.P.,Union de Santa Fe,2,1,,,,2.44,2.75,3.25,,
2026-04-11,Dep. Riestra,Instituto,0,1,,,,2.72,2.66,2.95,,
2026-04-12,Platense,Gimnasia Mendoza,1,1,,,,2.3,2.76,3.58,,
2026-04-12,Estudiantes Rio Cuarto,Barracas Central,1,2,,,,2.28,2.71,3.65,,
2026-04-12,Newells Old Boys,San Lorenzo,0,0,,,,2.47,2.85,3.11,,
2026-04-12,Atl. Tucuman,Tigre,0,0,,,,2.37,2.89,3.24,,
2026-04-12,Huracan,Rosario Central,3,1,,,,2.33,2.78,3.42,,
2026-04-13,Defensa y Justicia,Talleres Cordoba,1,2,,,,2.91,2.73,2.7,,
2026-04-13,Racing Club,River Plate,0,2,,,,2.54,2.93,2.91,,
2026-04-13,Sarmiento Junin,Gimnasia L.P.,1,2,,,,2.63,2.76,2.95,,
2026-04-13,Lanus,Banfield,1,0,,,,1.86,3.08,4.63,,
2026-04-14,Velez Sarsfield,Central Cordoba,1,0,,,,1.35,4.29,9.73,,
2026-04-18,Union de Santa Fe,Newells Old Boys,2,3,,,,1.59,3.59,5.84,,
2026-04-18,Independiente,Defensa y Justicia,3,1,,,,1.75,3.23,5.06,,
2026-04-18,Instituto,Estudiantes L.P.,0,1,,,,2.5,2.91,2.98,,
2026-04-18,Gimnasia L.P.,Estudiantes Rio Cuarto,1,0,,,,1.79,3.14,4.92,,
2026-04-19,Argentinos Jrs,Atl. Tucuman,1,0,,,,1.59,3.59,5.78,,
2026-04-19,Aldosivi,Racing Club,1,1,,,,4.6,3.01,1.89,,
2026-04-19,River Plate,Boca Juniors,0,1,,,,2.22,2.93,3.51,,
2026-04-20,San Lorenzo,Velez Sarsfield,0,0,,,,3.01,2.81,2.56,,
2026-04-20,Central Cordoba,Platense,4,3,,,,3.55,2.76,2.29,,
2026-04-20,Banfield,Ind. Rivadavia,0,0,,,,2.51,2.92,2.97,,
2026-04-20,Barracas Central,Belgrano,0,0,,,,3.6,2.83,2.24,,
2026-04-20,Talleres Cordoba,Dep. Riestra,2,0,,,,1.65,3.23,6.18,,
2026-04-20,Rosario Central,Sarmiento Junin,2,1,,,,1.43,4.02,7.49,,
2026-04-21,Tigre,Huracan,1,1,,,,2.52,2.67,3.26,,
2026-04-21,Gimnasia Mendoza,Lanus,1,0,,,,3.13,2.68,2.6,,
2026-04-24,Dep. Riestra,Independiente,2,0,,,,3.69,2.81,2.2,,
2026-04-24,Defensa y Justicia,Boca Juniors,0,4,,,,3.03,2.85,2.49,,
2026-04-24,Lanus,Central Cordoba,0,0,,,,1.4,4.07,8.0,,
2026-04-24,Estudiantes Rio Cuarto,Rosario Central,1,2,,,,4.08,3.02,1.98,,
2026-04-25,Platense,San Lorenzo,0,1,,,,2.37,2.74,3.38,,
2026-04-25,Racing Club,Barracas Central,1,1,,,,1.42,4.01,7.78,,
2026-04-25,Estudiantes L.P.,Talleres Cordoba,0,0,,,,2.15,2.94,3.65,,
2026-04-25,Sarmiento Junin,Tigre,1,0,,,,3.49,2.8,2.28,,
2026-04-26,River Plate,Aldosivi,3,1,,,,1.24,4.82,14.44,,
2026-04-26,Ind. Rivadavia,Gimnasia Mendoza,5,1,,,,1.84,3.03,4.86,,
2026-04-26,Belgrano,Gimnasia L.P.,0,1,,,,2.04,2.95,4.0,,
2026-04-26,Newells Old Boys,Instituto,1,1,,,,2.98,2.92,2.45,,
2026-04-27,Velez Sarsfield,Union de Santa Fe,2,2,,,,2.16,3.04,3.45,,
2026-04-27,Atl. Tucuman,Banfield,1,1,,,,2.17,2.95,3.51,,
2026-04-28,Huracan,Argentinos Jrs,1,2,,,,2.84,2.65,2.84,,
2026-05-02,San Lorenzo,Independiente,1,2,,,,3.09,2.61,2.68,,
2026-05-02,Central Cordoba,Boca Juniors,1,2,,,,4.97,3.17,1.76,,
2026-05-02,Lanus,Dep. Riestra,0,0,,,,2.31,2.69,3.61,,
2026-05-02,Barracas Central,Banfield,1,2,,,,2.54,2.8,3.01,,
2026-05-02,Union de Santa Fe,Talleres Cordoba,1,1,,,,2.02,3.11,3.78,,
2026-05-03,Racing Club,Huracan,0,0,,,,1.94,2.97,4.39,,
2026-05-03,River Plate,Atl. Tucuman,0,1,,,,1.52,3.81,6.16,,
2026-05-03,Platense,Estudiantes L.P.,0,2,,,,2.82,2.72,2.76,,
2026-05-03,Aldosivi,Ind. Rivadavia,1,1,,,,2.52,2.92,2.92,,
2026-05-03,Belgrano,Sarmiento Junin,4,0,,,,1.83,3.09,4.74,,
2026-05-03,Gimnasia L.P.,Argentinos Jrs,2,0,,,,3.38,2.98,2.22,,
2026-05-03,Rosario Central,Tigre,1,1,,,,2.97,2.79,2.58,,
2026-05-04,Velez Sarsfield,Newells Old Boys,1,1,,,,1.82,3.31,4.34,,
2026-05-04,Gimnasia Mendoza,Defensa y Justicia,2,1,,,,2.25,2.93,3.38,,
2026-05-05,Estudiantes Rio Cuarto,Instituto,0,2,,,,3.43,2.89,2.25,,
2026-05-09,Boca Juniors,Huracan,1,1,,,,1.75,3.09,5.4,,
2026-05-09,Talleres Cordoba,Belgrano,0,1,,,,2.41,2.76,3.28,,
2026-05-10,Ind. Rivadavia,Union de Santa Fe,1,2,,,,2.12,3.08,3.5,,
2026-05-10,Argentinos Jrs,Lanus,2,0,,,,2.01,2.99,4.02,,
2026-05-10,Rosario Central,Independiente,3,1,,,,2.0,3.04,3.94,,
2026-05-10,Estudiantes L.P.,Racing Club,0,1,,,,2.33,2.87,3.28,,
2026-05-10,River Plate,San Lorenzo,1,1,,,,1.52,3.52,7.18,,
2026-05-11,Velez Sarsfield,Gimnasia L.P.,0,1,,,,1.97,3.04,4.08,,
2026-05-12,Belgrano,Union de Santa Fe,2,0,,,,2.47,2.89,3.01,,
2026-05-13,Rosario Central,Racing Club,1,1,,,,2.22,2.94,3.43,,
2026-05-13,Argentinos Jrs,Huracan,0,0,,,,1.84,2.95,5.01,,
2026-05-14,River Plate,Gimnasia L.P.,2,0,,,,1.53,3.65,6.56,,
2026-05-16,River Plate,Rosario Central,1,0,,,,2.1,2.9,3.81,,
2026-05-17,Argentinos Jrs,Belgrano,1,1,,,,1.94,2.86,4.56,,
2026-05-24,River Plate,Belgrano,2,3,,,,2.15,2.79,3.9,,
2026-07-23,Belgrano,Rosario Central,2,1,,,,2.52,2.82,3.02,,
2026-07-23,Sarmiento Junin,Argentinos Jrs,2,3,,,,4.16,2.88,2.02,,
2026-07-24,Gimnasia Mendoza,Central Cordoba,1,0,,,,1.9,3.08,4.39,,
2026-07-24,Velez Sarsfield,Instituto,1,0,,,,2.08,2.92,3.83,,
2026-07-24,Defensa y Justicia,Aldosivi,1,1,,,,1.87,3.1,4.44,,
2026-07-24,Racing Club,Gimnasia L.P.,2,1,,,,1.78,3.22,4.8,,
2026-07-25,Newells Old Boys,Talleres Cordoba,1,0,,,,2.49,4.02,18.35,,
2026-07-25,Huracan,Banfield,1,0,,,,1.97,2.91,4.35,,
2026-07-25,Platense,Union de Santa Fe,2,2,,,,2.41,2.81,3.21,,
2026-07-25,River Plate,Barracas Central,0,1,,,,1.31,4.34,11.23,,
2026-07-25,Estudiantes Rio Cuarto,Tigre,1,0,,,,3.5,2.73,2.31,,
2026-07-26,Dep. Riestra,Boca Juniors,3,0,,,,4.24,2.77,2.05,,
2026-07-26,Estudiantes L.P.,Independiente,0,2,,,,2.11,2.93,3.75,,
2026-07-26,Lanus,San Lorenzo,1,0,,,,1.98,2.82,4.44,,
2026-07-26,Atl. Tucuman,Ind. Rivadavia,0,0,,,,2.75,3.02,2.58,,
2026-07-28,Banfield,Sarmiento Junin,3,2,,,,2.14,2.92,3.67,,
2026-07-28,San Lorenzo,Gimnasia Mendoza,1,0,,,,1.92,3.06,4.2,,
2026-07-29,Rosario Central,Racing Club,0,0,,,,2.01,3.04,3.88,,
2026-07-29,Argentinos Jrs,Estudiantes Rio Cuarto,3,0,,,,1.35,4.27,9.43,,
2026-07-29,Gimnasia L.P.,River Plate,1,0,,,,4.31,3.02,1.92,,
2026-07-29,Defensa y Justicia,Dep. Riestra,2,1,,,,2.48,2.71,3.18,,
2026-07-29,Barracas Central,Aldosivi,1,0,,,,2.31,2.69,3.58,,
2026-07-30,Talleres Cordoba,Velez Sarsfield,1,3,,,,2.28,2.85,3.4,,
2026-07-30,Ind. Rivadavia,Huracan,2,1,,,,2.01,2.91,4.19,,
2026-07-30,Instituto,Platense,2,1,,,,1.99,2.92,4.21,,
2026-07-31,Central Cordoba,Atl. Tucuman,0,2,,,,3.2,2.98,2.3,,
2026-07-31,Independiente,Newells Old Boys,1,0,,,,1.53,3.71,6.26,,
2026-08-01,Estudiantes Rio Cuarto,Banfield,0,0,,,,2.72,2.84,2.72,,
2026-08-01,Estudiantes L.P.,Defensa y Justicia,3,0,,,,1.56,3.54,6.12,,
2026-08-01,Gimnasia Mendoza,Union de Santa Fe,2,0,,,,2.78,3.04,2.53,,
2026-08-01,Belgrano,Argentinos Jrs,0,1,,,,2.3,2.85,3.32,,
2026-08-02,River Plate,Rosario Central,0,1,,,,1.91,3.02,4.32,,
2026-08-02,Dep. Riestra,Barracas Central,0,1,,,,2.16,2.64,4.1,,
2026-08-02,Aldosivi,Gimnasia L.P.,1,2,,,,3.1,2.69,2.56,,
2026-08-02,Racing Club,Tigre,1,3,,,,2.13,2.89,3.69,,
2026-08-02,Newells Old Boys,Boca Juniors,2,2,,,,4.55,3.17,1.81,,
2026-08-03,Velez Sarsfield,Independiente,1,0,,,,2.43,2.95,2.97,,
2026-08-03,Platense,Talleres Cordoba,0,4,,,,2.57,2.75,3.01,,
2026-08-03,Sarmiento Junin,Ind. Rivadavia,2,1,,,,2.8,2.94,2.57,,
2026-08-03,Lanus,Instituto,0,1,,,,2.15,2.87,3.7,,
2026-08-04,Central Cordoba,San Lorenzo,1,0,,,,3.07,2.88,2.45,,
2026-08-04,Huracan,Atl. Tucuman,0,0,,,,2.0,2.87,4.19,,
2026-08-05,Boca Juniors,Estudiantes L.P.,1,0,,,,1.79,3.19,4.77,,
2026-08-06,Union de Santa Fe,Lanus,2,1,,,,2.54,2.79,3.02,,
2026-08-06,Tigre,Belgrano,0,0,,,,2.41,2.64,3.46,,
2026-08-07,Rosario Central,Aldosivi,2,1,,,,1.53,3.62,6.64,,
2026-08-08,Dep. Riestra,Estudiantes L.P.,2,0,,,,2.48,2.73,3.22,,
2026-08-08,Boca Juniors,Velez Sarsfield,1,1,,,,1.6,3.46,6.03,,
2026-08-08,Tigre,River Plate,1,0,,,,3.35,2.78,2.37,,
2026-08-08,Atl. Tucuman,Sarmiento Junin,1,2,,,,1.82,3.16,4.73,,
2026-08-08,Ind. Rivadavia,Estudiantes Rio Cuarto,2,1,,,,1.44,3.89,7.82,,
2026-08-09,Independiente,Platense,0,1,,,,1.8,3.13,4.95,,
2026-08-09,Gimnasia L.P.,Barracas Central,2,0,,,,1.84,3.07,4.72,,
2026-08-09,Defensa y Justicia,Newells Old Boys,2,1,,,,1.92,3.12,4.27,,
2026-08-09,San Lorenzo,Huracan,0,2,,,,2.7,2.74,2.91,,
2026-08-09,Instituto,Gimnasia Mendoza,1,0,,,,1.54,3.67,6.36,,
2026-08-10,Banfield,Belgrano,0,2,,,,2.93,2.92,2.52,,
2026-08-10,Argentinos Jrs,Racing Club,2,1,,,,1.98,3.02,4.09,,
2026-08-11,Union de Santa Fe,Central Cordoba,1,2,,,,1.63,3.48,5.61,,
2026-08-12,Talleres Cordoba,Lanus,0,3,,,,2.33,2.77,3.44,,
2026-08-15,Newells Old Boys,Dep. Riestra,2,0,,,,2.77,2.71,2.87,,
2026-08-15,Belgrano,Ind. Rivadavia,2,0,,,,1.79,3.23,4.8,,
2026-08-15,Estudiantes L.P.,Gimnasia L.P.,4,0,,,,1.98,2.95,4.26,,
2026-08-15,San Lorenzo,Union de Santa Fe,1,0,,,,2.78,2.97,2.64,,
2026-08-15,Racing Club,Banfield,0,1,,,,1.59,3.64,5.79,,
2026-08-15,Aldosivi,Tigre,0,0,,,,3.17,2.73,2.52,,
2026-08-16,River Plate,Argentinos Jrs,2,0,,,,1.88,3.18,4.34,,
2026-08-16,Sarmiento Junin,Huracan,2,0,,,,3.06,2.82,2.52,,
2026-08-16,Platense,Boca Juniors,1,1,,,,5.01,3.2,1.77,,
2026-08-17,Barracas Central,Rosario Central,0,1,,,,2.62,2.71,3.07,,
2026-08-17,Central Cordoba,Instituto,0,1,,,,4.01,3.01,2.02,,
2026-08-17,Estudiantes Rio Cuarto,Atl. Tucuman,0,1,,,,3.58,2.82,2.26,,
2026-08-17,Lanus,Independiente,1,3,,,,2.01,2.98,4.07,,
2026-08-17,Velez Sarsfield,Defensa y Justicia,1,1,,,,1.98,3.21,3.81,,
2026-08-18,Gimnasia Mendoza,Talleres Cordoba,3,1,,,,2.94,2.88,2.53,,
2026-08-21,Aldosivi,Union de Santa Fe,1,3,,,,2.68,2.93,2.75,,
2026-08-22,Estudiantes Rio Cuarto,San Lorenzo,0,0,,,,3.57,2.63,2.4,,
2026-08-22,Atl. Tucuman,Instituto,0,0,,,,2.8,2.87,2.68,,
2026-08-22,Gimnasia L.P.,Gimnasia Mendoza,2,3,,,,1.79,3.25,4.63,,
2026-08-22,Independiente,Ind. Rivadavia,0,0,,,,2.37,2.89,3.22,,
2026-08-23,River Plate,Velez Sarsfield,2,2,,,,1.62,3.39,5.97,,
2026-08-23,Belgrano,Defensa y Justicia,1,2,,,,1.81,3.3,4.48,,
2026-08-23,Sarmiento Junin,Estudiantes L.P.,2,0,,,,2.99,2.91,2.49,,
2026-08-23,Barracas Central,Platense,1,2,,,,2.46,2.72,3.25,,
2026-08-23,Newells Old Boys,Banfield,2,1,,,,2.07,3.02,3.77,,
2026-08-23,Huracan,Dep. Riestra,0,0,,,,2.31,2.5,3.98,,
2026-08-24,Racing Club,Boca Juniors,1,1,,,,3.07,2.88,2.46,,
2026-08-24,Tigre,Central Cordoba,2,1,,,,1.63,3.35,6.19,,
2026-08-25,Talleres Cordoba,Rosario Central,2,2,,,,2.95,2.91,2.52,,
2026-08-25,Lanus,Argentinos Jrs,1,1,,,,2.48,2.88,3.02,,
2026-08-28,Union de Santa Fe,Sarmiento Junin,4,1,,,,1.92,3.14,4.17,,
2026-08-29,Boca Juniors,Lanus,1,0,,,,1.88,3.17,4.29,,
2026-08-29,Dep. Riestra,Velez Sarsfield,1,1,,,,2.52,2.72,3.16,,
2026-08-29,Rosario Central,Gimnasia L.P.,1,2,,,,1.57,3.7,5.77,,
2026-08-29,Huracan,Estudiantes Rio Cuarto,1,1,,,,1.66,3.09,6.52,,
2026-08-30,Argentinos Jrs,Aldosivi,2,1,,,,1.33,4.36,10.06,,
2026-08-30,Independiente,Gimnasia Mendoza,0,3,,,,1.77,3.29,4.77,,
2026-08-30,Atl. Tucuman,Belgrano,0,0,,,,2.51,2.81,3.08,,
2026-08-30,Talleres Cordoba,Central Cordoba,0,0,,,,1.79,3.26,4.86,,
2026-08-30,Banfield,River Plate,2,3,,,,7.07,3.87,1.46,,
2026-08-31,Ind. Rivadavia,Racing Club,3,1,,,,1.95,3.12,4.05,,
2026-08-31,Estudiantes L.P.,Newells Old Boys,0,0,,,,1.6,3.45,6.14,,
2026-08-31,Defensa y Justicia,Platense,1,0,,,,2.49,2.86,3.04,,
2026-09-01,Tigre,Barracas Central,0,0,,,,1.81,2.98,5.08,,
2026-09-01,Instituto,San Lorenzo,1,0,,,,1.88,2.99,4.59,,
2026-09-04,Belgrano,Huracan,1,1,,,,2.01,2.9,4.23,,
2026-09-04,Platense,Dep. Riestra,1,1,,,,2.72,2.7,2.94,,
2026-09-04,Estudiantes Rio Cuarto,Sarmiento Junin,0,2,,,,3.39,2.77,2.35,,
2026-09-05,Gimnasia Mendoza,Boca Juniors,2,2,,,,3.08,2.9,2.42,,
2026-09-05,San Lorenzo,Talleres Cordoba,1,0,,,,2.31,2.95,3.24,,
2026-09-05,Gimnasia L.P.,Tigre,2,1,,,,2.37,2.84,3.26,,
2026-09-05,Aldosivi,Banfield,3,1,,,,2.65,2.94,2.76,,
2026-09-06,Central Cordoba,Independiente,0,1,,,,3.13,3.0,2.37,,
2026-09-06,Lanus,Defensa y Justicia,1,0,,,,1.84,3.19,4.48,,
2026-09-06,Rosario Central,Newells Old Boys,1,1,,,,1.56,3.6,6.17,,
2026-09-06,River Plate,Ind. Rivadavia,3,1,,,,1.67,3.42,5.35,,
2026-09-06,Velez Sarsfield,Estudiantes L.P.,1,0,,,,2.66,2.69,2.99,,
2026-09-07,Barracas Central,Argentinos Jrs,0,0,,,,3.95,2.87,2.08,,
2026-09-07,Racing Club,Atl. Tucuman,1,2,,,,1.99,3.04,4.05,,
2026-09-08,Union de Santa Fe,Instituto,3,2,,,,2.86,2.88,2.61,,
2026-09-11,Defensa y Justicia,Gimnasia Mendoza,2,0,,,,1.97,3.33,3.67,,
2026-09-11,Newells Old Boys,Velez Sarsfield,1,1,,,,2.64,2.89,2.82,,
2026-09-12,Ind. Rivadavia,Aldosivi,4,3,,,,1.4,4.19,7.73,,
2026-09-12,Atl. Tucuman,River Plate,1,2,,,,3.92,3.01,2.03,,
2026-09-12,Boca Juniors,Central Cordoba,3,1,,,,1.55,3.79,6.16,,
2026-09-12,Estudiantes L.P.,Platense,2,1,,,,1.97,2.96,4.25,,
2026-09-13,Independiente,San Lorenzo,1,1,,,,2.05,2.94,3.99,,
2026-09-13,Argentinos Jrs,Gimnasia L.P.,1,1,,,,1.73,3.38,4.9,,
2026-09-13,Tigre,Rosario Central,0,1,,,,3.28,2.75,2.44,,
2026-09-13,Sarmiento Junin,Belgrano,1,1,,,,3.18,2.91,2.35,,
2026-09-13,Talleres Cordoba,Union de Santa Fe,2,1,,,,2.13,2.95,3.68,,
2026-09-14,Huracan,Racing Club,2,1,,,,2.53,2.8,3.06,,
2026-09-14,Banfield,Barracas Central,1,1,,,,2.5,2.79,3.12,,
2026-09-14,Dep. Riestra,Lanus,0,3,,,,3.03,2.61,2.71,,
2026-09-15,Instituto,Estudiantes Rio Cuarto,2,1,,,,1.43,3.74,9.15,,
