equipo,liga,n,gf_casa,gc_casa,gf_fuera,gc_fuera,cor_f_casa,cor_c_casa,cor_f_fuera,cor_c_fuera,amar_casa,amar_fuera,ult6_gf,ult6_gc,desde,n12m,peso_ef,ultimo
Bournemouth,Championship,40,1.444,1.201,1.205,1.441,5.793,4.628,4.63,5.793,1.673,2.041,2.0,0.67,2021-09-14,0,0.1,2022-05-07
Luton,Championship,40,1.338,1.087,1.155,1.624,6.137,4.46,4.537,5.858,1.612,1.997,1.5,1.33,2024-09-27,0,3.8,2025-05-03
Blackburn,Championship,40,1.216,1.125,1.144,1.458,5.421,4.839,5.394,5.591,2.184,2.329,1.33,1.5,2025-11-21,40,20.4,2026-09-19
Bristol City,Championship,40,1.274,1.242,1.279,1.489,5.362,5.316,4.621,5.368,1.583,1.937,1.5,1.33,2025-11-07,40,20.4,2026-09-18
Cardiff,Championship,40,1.467,1.211,1.061,1.631,6.756,4.389,5.215,5.221,1.749,2.081,1.17,1.5,2024-11-09,8,10.5,2026-09-19
Derby,Championship,40,1.271,1.322,1.335,1.474,6.393,4.407,4.078,6.06,1.977,2.292,0.67,1.67,2025-11-08,40,20.4,2026-09-19
Preston,Championship,40,1.189,1.536,1.159,1.572,6.285,5.543,3.922,6.135,1.916,2.029,1.0,1.67,2025-11-08,40,20.3,2026-09-19
QPR,Championship,40,1.542,1.376,1.076,1.311,6.061,4.218,4.728,5.821,1.637,1.943,1.17,1.0,2025-11-08,40,20.4,2026-09-19
Sheffield United,Championship,40,1.566,1.382,1.277,1.28,5.934,4.927,4.156,6.761,1.418,2.21,1.5,1.83,2025-11-08,40,20.4,2026-09-19
Stoke,Championship,40,1.549,1.222,0.915,1.675,5.931,4.106,5.021,5.552,1.811,2.264,1.83,1.17,2025-11-08,40,20.3,2026-09-19
Fulham,Championship,40,1.448,1.202,1.207,1.441,5.801,4.627,4.633,5.787,1.67,2.039,2.0,1.33,2021-09-15,0,0.1,2022-05-07
Coventry,Championship,40,1.85,1.02,1.586,1.181,5.663,3.899,4.648,5.117,1.401,1.685,2.17,0.5,2025-09-27,39,15.2,2026-05-02
Millwall,Championship,40,1.701,1.123,1.364,1.436,5.773,5.124,5.045,6.679,1.283,2.201,1.67,2.5,2025-11-08,40,20.4,2026-09-19
Middlesbrough,Championship,40,1.779,1.182,1.485,1.366,7.476,4.188,5.068,5.224,1.215,1.756,2.17,1.5,2025-11-08,40,20.4,2026-09-19
Hull,Championship,40,1.451,1.31,1.353,1.37,5.057,4.66,4.717,6.791,1.977,2.511,1.17,1.33,2025-09-27,39,15.3,2026-05-02
Huddersfield,Championship,40,1.424,1.231,1.182,1.468,5.817,4.709,4.582,5.851,1.68,2.046,0.67,2.0,2023-09-20,0,0.9,2024-05-04
Blackpool,Championship,40,1.44,1.209,1.196,1.447,5.765,4.636,4.631,5.812,1.669,2.032,1.0,1.33,2022-08-31,0,0.2,2023-05-08
Barnsley,Championship,40,1.44,1.204,1.201,1.446,5.786,4.634,4.627,5.796,1.671,2.039,0.5,2.33,2021-09-15,0,0.1,2022-05-07
Peterboro,Championship,40,1.442,1.205,1.201,1.446,5.788,4.63,4.628,5.798,1.673,2.038,1.67,1.0,2021-09-14,0,0.1,2022-05-07
Reading,Championship,40,1.439,1.201,1.194,1.453,5.767,4.63,4.622,5.795,1.677,2.04,0.67,1.33,2022-08-30,0,0.2,2023-05-08
Birmingham,Championship,40,1.517,1.234,1.084,1.372,6.204,4.116,5.181,5.251,1.808,1.846,1.67,1.5,2025-11-08,40,20.4,2026-09-19
West Brom,Championship,40,1.397,1.082,1.016,1.356,5.736,3.834,4.467,6.184,1.662,2.077,0.83,1.0,2025-11-08,40,20.4,2026-09-20
Swansea,Championship,40,1.491,0.964,1.34,1.456,5.429,4.847,3.963,5.669,1.783,1.872,1.83,0.83,2025-11-08,40,20.3,2026-09-19
Nott'm Forest,Championship,40,1.447,1.201,1.204,1.44,5.799,4.622,4.63,5.795,1.673,2.04,2.0,0.5,2021-09-15,0,0.1,2022-05-07
Rotherham,Championship,40,1.411,1.198,1.156,1.53,5.652,4.857,4.523,5.837,1.658,2.027,0.83,1.33,2023-09-20,0,0.9,2024-05-04
Wigan,Championship,40,1.431,1.206,1.196,1.441,5.764,4.603,4.632,5.8,1.672,2.036,0.67,0.83,2022-09-03,0,0.2,2023-05-08
Sunderland,Championship,40,1.38,1.131,1.136,1.375,6.007,4.198,4.629,5.7,1.729,2.141,0.17,1.17,2024-09-28,0,3.7,2025-05-03
Watford,Championship,40,1.271,1.268,0.922,1.574,5.326,5.284,4.503,5.767,2.015,2.414,0.67,1.33,2025-11-07,40,20.4,2026-09-18
Burnley,Championship,40,1.406,1.171,1.219,1.705,5.509,4.667,4.679,4.765,1.896,2.089,1.0,2.0,2024-11-10,8,10.5,2026-09-19
Norwich,Championship,40,1.639,1.295,1.52,1.515,5.818,4.238,4.793,5.163,1.917,2.118,2.5,2.0,2025-11-08,40,20.4,2026-09-20
Sheffield Weds,Championship,40,1.057,1.483,0.782,1.799,5.169,5.315,3.955,5.957,1.668,1.699,0.83,1.33,2025-09-27,39,15.3,2026-05-02
Plymouth,Championship,40,1.523,1.336,1.055,1.581,5.141,4.824,4.114,6.219,1.604,2.027,1.5,1.67,2024-09-27,0,3.8,2025-05-03
Leeds,Championship,40,1.783,1.022,1.28,1.301,6.322,4.12,5.032,5.167,1.572,1.916,2.67,0.33,2024-09-28,0,3.7,2025-05-03
Leicester,Championship,40,1.388,1.469,1.134,1.425,5.876,5.33,4.695,5.968,1.653,2.029,0.83,1.0,2025-09-26,39,15.2,2026-05-02
Southampton,Championship,40,2.177,0.979,1.574,1.46,5.94,4.842,5.259,5.062,1.478,2.004,2.5,1.17,2025-11-08,40,20.4,2026-09-19
Ipswich,Championship,40,1.635,0.915,1.479,1.378,6.179,4.069,4.991,4.918,1.558,2.338,1.5,1.17,2025-09-30,40,15.5,2026-05-02
Oxford,Championship,40,1.234,1.117,0.979,1.411,5.247,5.23,3.97,7.467,1.464,2.024,1.33,1.17,2025-09-27,39,15.3,2026-05-02
Portsmouth,Championship,40,1.297,1.19,1.235,1.589,6.415,4.7,5.133,5.587,1.465,1.756,1.33,1.17,2025-11-05,40,20.0,2026-09-19
Charlton,Championship,40,1.053,1.049,1.038,1.664,5.624,4.963,3.65,6.709,1.723,2.232,0.5,1.33,2025-11-08,40,20.5,2026-09-19
Wrexham,Championship,40,1.576,1.387,1.179,1.492,5.196,4.354,4.461,5.684,1.428,1.604,1.17,1.67,2025-11-08,40,20.4,2026-09-19
Wolves,Championship,7,1.709,1.126,1.495,1.554,6.086,4.557,5.161,5.386,1.464,1.649,2.17,1.33,2026-08-14,7,6.3,2026-09-20
Bolton,Championship,8,1.369,1.222,1.336,1.857,5.941,4.619,4.578,5.564,1.71,1.73,1.5,2.33,2026-08-15,8,7.2,2026-09-20
West Ham,Championship,8,2.233,1.118,1.507,1.56,5.576,5.057,5.914,5.015,1.508,2.404,3.17,1.17,2026-08-16,8,7.2,2026-09-19
Lincoln,Championship,8,1.183,1.313,1.127,1.076,5.37,4.471,4.198,8.188,1.887,2.316,0.83,0.5,2026-08-15,8,7.2,2026-09-19
